{
  "channels": [
    {
      "guid": "EF46E726-92F4-42FC-A6D4-68A888E23E96",
      "name": "RTV Noord-Holland",
      "description": "RTV Noord-Holland Uitzendinggemist",
      "icon": "rtvnhlarge.png",
      "category": "Regional",
      "channelcode": "rtvnh",
      "sortorder": 100,
      "language": "nl",
      "fanart": "rtvnhfanart.jpg"
    },
    {
      "guid": "870EAD32-F2F9-11DD-B0E7-747356D89593",
      "name": "AT5",
      "description": "AT5 Uitzendinggemist",
      "icon": "at5large.png",
      "category": "Regional",
      "sortorder": 100,
      "language": "nl",
      "fanart": "at5fanart.jpg",
      "adaptiveAddonSelectable": true
    }
  ]
}