<?xml version="1.0" encoding="UTF-8"?>
<addon id="repository.nic" name="nic repo" version="0.2.2" provider-name="nic">
    <extension point="xbmc.addon.repository" name="nic repo">
    <dir>
        <info compressed="false">https://raw.githubusercontent.com/nrehn/repository.nic/master/addons.xml</info>
        <checksum>https://raw.githubusercontent.com/nrehn/repository.nic/master/addons.xml.md5</checksum>
        <datadir zip="true">https://raw.githubusercontent.com/nrehn/repository.nic/master/</datadir>
    </dir>
    </extension>
    <extension point="xbmc.addon.metadata">
        <summary></summary>
        <description></description>
        <platform>all</platform>
    </extension>
</addon>

