{
  "id": "channel.se",
  "version": "5.1.6",
  "textures": {
    "channel.se.oppetarkiv/oppetarkivfanart.jpg": "903bc29217bc40ecae55af098dc17e08",
    "channel.se.sbs/dplayfanart.jpg": "88f9bb12ca35416f66c2b4f2d27ab0d8",
    "channel.se.sbs/kanal5fanart.jpg": "f9a94784209abfbb6314ae9529c1bacc",
    "channel.se.sbs/tv11fanart.jpg": "24c6aa0ee1f7a49089f9e8b2929c194a",
    "channel.se.sbs/tv11seimage.jpg": "aa685f708e272c69b41c4df5583a5da7",
    "channel.se.sbs/tvnorgefanart.jpg": "eb7367fa25418f3b5c401135e80c889c",
    "channel.se.svt/svtfanart.jpg": "0b0fd16222b633104456f2453f069c55",
    "channel.se.tv4se/tv12playfanart.jpg": "c33cb14d63f95ae080b683a6e394c640",
    "channel.se.tv4se/tv4playsefanart.jpg": "eb2aa61408ee89b97b0ca731835a9828",
    "channel.se.urplay/urplayfanart.jpg": "7c71823198ce9c0eabd52ddb373ebe91",
    "channel.se.oppetarkiv/oppetarkivimage.png": "040ea363b49a1a50a57360b9276d90bb",
    "channel.se.oppetarkiv/oppetarkivlarge.png": "4409a324e669351da20d6ac375c6b7ea",
    "channel.se.sbs/animalplanetnorgelarge.png": "c0a0324cd75d11eda2316a9cf319cde5",
    "channel.se.sbs/discoverynorgelarge.png": "bc950a5a864a13235e11175ce25a2048",
    "channel.se.sbs/discoverysciencenorgelarge.png": "7471ed07f99a39476a532e1b0f1b2808",
    "channel.se.sbs/dplayfanart.png": "f2acd6984bb38466f08082e4b696e04e",
    "channel.se.sbs/dplayimage.png": "33ce9dbc98c4541db151dd49e0187c70",
    "channel.se.sbs/dplaylarge.png": "0926757305f3860000c98fd4ae147c7b",
    "channel.se.sbs/femnorgelarge.png": "5e71b3d4c776cb19dfb3e8b19fbcd356",
    "channel.se.sbs/investigationdiscoverynorgelarge.png": "181545e4136cfda53e8fed3dd26e473c",
    "channel.se.sbs/maxnorgelarge.png": "1c3e7e1d539fcc119e8202caa99350c4",
    "channel.se.sbs/tlcnorgelarge.png": "a8d776a9cf11a21063230dc9f5b662a6",
    "channel.se.sbs/tv11selarge.png": "852022244db88d9d77190fcb2b30c307",
    "channel.se.sbs/tv5seimage.png": "865fd03c49a5310e5104947985fe9cbf",
    "channel.se.sbs/tv5selarge.png": "f7ba72a2e8d2862171caf7a26cf45d82",
    "channel.se.sbs/tv9seimage.png": "d34dc51763c34f9e23e2b1ba2026ae58",
    "channel.se.sbs/tv9selarge.png": "57e4de890e38d4731911c6e8faaf16e5",
    "channel.se.sbs/tv9selarge2014.png": "2a41681ee04fec38a2e04aee3787165b",
    "channel.se.sbs/tvnorgeimage.png": "6f36df635290e00716de79f8c1a1dc0a",
    "channel.se.sbs/tvnorgelarge.png": "a11edb43ed79d434630617b06d3efb31",
    "channel.se.sbs/voxnorgelarge.png": "a7ccb8f20c350f0576581715395e0bcf",
    "channel.se.svt/svtimage.png": "f970d10a567262c51f3b92a1a6787d65",
    "channel.se.svt/svtlarge.png": "70be2caa0de9e9eec3077e8ee2109668",
    "channel.se.tv4se/tv12image.png": "1fb4f8df02b867386adc65c5d69a7fe4",
    "channel.se.tv4se/tv12large.png": "507a52fffb7f684e2476ef62bcdc77cb",
    "channel.se.tv4se/tv4image.png": "546e191974cc67f2cc98f6a4133175d8",
    "channel.se.tv4se/tv4large.png": "0d74a68714236fa509ea7ee3f415453e",
    "channel.se.tv4se/tv7fanart.png": "288c500a83f9477fdae0f9840f3bdbfc",
    "channel.se.tv4se/tv7image.png": "636351c2feb083c86fe5609bbb1e1578",
    "channel.se.tv4se/tv7large.png": "6705d6417e0b5118c5005ff94fa7c0eb",
    "channel.se.urplay/urplayimage.png": "782af83e5106b4392018f337b3b74646",
    "channel.se.urplay/urplaylarge.png": "1a934bdf39c1af83616f07b570542ffe"
  }
}