<?xml version="1.0" encoding="UTF-8" standalone="yes"?>
<addon id="plugin.video.twitch" version="2.4.10" name="Twitch" provider-name="A Talented Community">
    <requires>
        <import addon="xbmc.python" version="2.20.0"/>
        <import addon="script.module.six" version="1.11.0"/>
        <import addon="script.module.python.twitch" version="2.0.12"/>
        <import addon="script.module.requests" version="2.9.1"/>
    </requires>
    <extension point="xbmc.python.pluginsource" library="resources/lib/addon_runner.py">
        <provides>video</provides>
    </extension>
    <extension point="xbmc.service" library="resources/lib/service_runner.py" start="login"/>
    <extension point="xbmc.addon.metadata">
        <platform>all</platform>
        <news>
[fix] language setting
        </news>
        <assets>
            <icon>icon.png</icon>
            <fanart>fanart.jpg</fanart>
        </assets>
        <source>https://github.com/MrSprigster/Twitch-on-Kodi</source>
        <license>GPL-3.0-only</license>
        <forum>https://forum.kodi.tv/showthread.php?tid=134538</forum>
        <summary lang="en_GB">Twitch video plugin</summary>
        <description lang="en_GB">Watch your favorite gaming streams!</description>
        <summary lang="da_DK">Twitch video plugin</summary>
        <description lang="da_DK">Se dine favorit gaming streams!</description>
        <summary lang="de_DE">Twitch video plugin</summary>
        <description lang="de_DE">Schaue die besten Gaming-Streams!</description>
        <summary lang="es_ES">Twitch video plugin</summary>
        <description lang="es_ES">¡Mira los streams de tus juegos favoritos!</description>
        <summary lang="fr_FR">Twitch video plugin</summary>
        <description lang="fr_FR">Regardez les streams de vos jeux favoris !</description>
        <summary lang="nl_NL">Twitch video plugin</summary>
        <description lang="nl_NL">Bekijk je favoriete gaming-streams!</description>
        <summary lang="nb_NO">Tillegg for Twitch</summary>
        <description lang="nb_NO">Se dine favorittstrømmere!</description>
        <summary lang="pl_PL">Twitch video plugin</summary>
        <description lang="pl_PL">Oglądaj ulubione programy TwitchTV!</description>
        <reuselanguageinvoker>true</reuselanguageinvoker>
    </extension>
</addon>
