{
  "id": "channel.be",
  "version": "5.2.0",
  "textures": {
    "channel.be.een/eenfanart.jpg": "e99a7f7c68c19f3f8575ff50a75f60fc",
    "channel.be.ketnet/ketnetfanart.jpg": "51d20f0bb359833c1f26234021c371ab",
    "channel.be.ketnet/ketnetimage.jpg": "811a5d7c2454e0c0e99dd61cce4a2bd9",
    "channel.be.sporza/sporzafanart.jpg": "918faab4802372635a298694fb54f4f6",
    "channel.be.sporza/sporzaimage.jpg": "8b74bfc433c3a1ef8a296004a61979a2",
    "channel.be.vier/vierfanart.jpg": "4e176a450a05762fe3ee131131bfd012",
    "channel.be.vier/vijffanart.jpg": "c54b19b912670b46934dc7b3c4ec3c70",
    "channel.be.vier/zesfanart.jpg": "20917c1e538f4d6af5c607d0f531b455",
    "channel.be.vrtnu/eenfanart.jpg": "e99a7f7c68c19f3f8575ff50a75f60fc",
    "channel.be.vrtnu/ketnetfanart.jpg": "51d20f0bb359833c1f26234021c371ab",
    "channel.be.vrtnu/ketnetimage.jpg": "811a5d7c2454e0c0e99dd61cce4a2bd9",
    "channel.be.vrtnu/mnmfanart.jpg": "5432d822735721812439e449ba2b06a4",
    "channel.be.vrtnu/mnmimage.jpg": "49967435f86b8ff13b8ef91199489bb3",
    "channel.be.vrtnu/sporzafanart.jpg": "918faab4802372635a298694fb54f4f6",
    "channel.be.vrtnu/sporzaimage.jpg": "8b74bfc433c3a1ef8a296004a61979a2",
    "channel.be.vrtnu/stubrufanart.jpg": "b31f355ab8ed57b2dc55a3f285ef196a",
    "channel.be.vrtnu/stubruimage.jpg": "dbe625e6d78495dd2bdef2f8fc8cb58c",
    "channel.be.vrtnu/vrtnufanart.jpg": "df478c1636c945ac4321c39011575fda",
    "channel.be.vtm/vtmfanart.jpg": "db6d224ee77be9ee2a66d5ad3b37c2a0",
    "channel.be.vtm/vtmimage.jpg": "e235d7e4ac9eb32f2021d9248bcf344b",
    "channel.be.vtmbe/q2befanart.jpg": "f9ecf7505e84cca19709dcea601fcae8",
    "channel.be.vtmbe/q2beimage.jpg": "e042dce836a1c40a7482ca1d04382e7b",
    "channel.be.vtmbe/stieviefanart.jpg": "72ead65601b6db87fd7dd4df29f8df66",
    "channel.be.vtmbe/stieviefanart2.jpg": "4fe017da6f31cf342566ae38df78bb98",
    "channel.be.vtmbe/stievieimage.jpg": "b7ad490a3cb6745d8b96a4c45a0b183d",
    "channel.be.vtmbe/vtmbefanart.jpg": "642a874e4589884ccad382f6f557de60",
    "channel.be.vtmbe/vtmbeimage.jpg": "71b1d00ef9e565d33d901ed91e8c0da0",
    "channel.be.een/eenimage.png": "7826714d7714150b52b61828e1b1c222",
    "channel.be.een/eenlarge.png": "c1bbc8fc7c42c25cd0f31ca9fa715bed",
    "channel.be.ketnet/cobraimage.png": "d70a81c2953bf1467e5d6c2adda6baee",
    "channel.be.ketnet/cobralarge.png": "e7c0837e1ae3896d7d217cde67382526",
    "channel.be.ketnet/ketnetlarge.png": "1ca862fab9919f315c569debd3b02af7",
    "channel.be.rtbf/rtbffanart.png": "de3c446d18353afdedb2e5d1c14d33f7",
    "channel.be.rtbf/rtbficon.png": "f572175fe389e1dca6a71b088a104b5c",
    "channel.be.rtbf/rtbfimage.png": "dcfed4f186454e6df601cbf95b777595",
    "channel.be.sporza/sporzalarge.png": "db57062e5f5f870f10a2c066520a0675",
    "channel.be.vier/viericon.png": "b52939fadeabc79a48b963ed807badb8",
    "channel.be.vier/vierimage.png": "76859283c91425d5ebbd93d8803074f7",
    "channel.be.vier/vijficon.png": "4adea173884849e816863357a01ccc2c",
    "channel.be.vier/vijfimage.png": "b9cf97c575d1371a4995ee0b72652cc2",
    "channel.be.vier/zesicon.png": "53afa88f2d0b33899f4d30d07a92f706",
    "channel.be.vier/zesiconlight.png": "16443b46e2802f27781aeeec8e088692",
    "channel.be.vier/zesimage.png": "7b4e1d18313dd7b5f920c74598d48b70",
    "channel.be.vrtnu/canvasfanart.png": "c47b803804d7b025f97dc8d1b2589d57",
    "channel.be.vrtnu/canvasimage.png": "650c7794834a602b7521cbfd76b0c312",
    "channel.be.vrtnu/canvaslarge.png": "412e80ad18953177558252e6379ec0d7",
    "channel.be.vrtnu/eenimage.png": "7826714d7714150b52b61828e1b1c222",
    "channel.be.vrtnu/eenlarge.png": "c1bbc8fc7c42c25cd0f31ca9fa715bed",
    "channel.be.vrtnu/ketnetlarge.png": "1ca862fab9919f315c569debd3b02af7",
    "channel.be.vrtnu/mnmicon.png": "2f635338e0fac81e83b305231a54e58d",
    "channel.be.vrtnu/sporzalarge.png": "db57062e5f5f870f10a2c066520a0675",
    "channel.be.vrtnu/stubruicon.png": "e8e51afaceb0460fc441078f6616c3a6",
    "channel.be.vrtnu/vrtnuicon.png": "b60e0157484a1df3245055bdef1f49bb",
    "channel.be.vrtnu/vrtnuimage.png": "f4c3064af896f12e72e1fb59b2931d2a",
    "channel.be.vtm/vtmlarge.png": "c0a55112bc62ae94861bd9dcce7b15a4",
    "channel.be.vtmbe/q2belogo.png": "aa1d2d8e4af476274b356bcd58f244d9",
    "channel.be.vtmbe/stievielogo.png": "4e21c380ffc6c068302f0f8862d579eb",
    "channel.be.vtmbe/vtmbelogo.png": "8ecbdcf638e902673c34f7b6398116f5"
  }
}