<?xml version="1.0" encoding="UTF-8" standalone="yes"?>
<addon id="service.system.aml-vnc"
       name="Amlogic VNC"
       version="8.2.101"
       provider-name="kszaq">
  <requires>
    <import addon="os.libreelec.tv" version="8.2"/>
    <import addon="xbmc.python" version="2.1.0"/>

  </requires>
  <extension point="xbmc.service" library="default.py">
    <provides></provides>
  </extension>
  <extension point="xbmc.addon.metadata">
    <summary>VNC Server for Amlogic devices</summary>
    <description>
Very basic VNC Server for Amlogic devices
    </description>
    <disclaimer>
this is an unofficial addon. please don't ask for support in libreelec forum / irc channel
    </disclaimer>
    <platform>all</platform>
    <news>
8.1.100
- Update for LibreELEC 8.1

4.3.2
- Added plugin configuration for port and password protection

4.3.1
- Initial release
    </news>
    <assets>
      <icon>resources/icon.png</icon>
      <fanart>resources/fanart.png</fanart>

    </assets>
  </extension>
</addon>
