<?xml version="1.0" encoding="UTF-8" standalone="yes"?>
<addon id="script.module.python.twitch" name="python-twitch for Kodi" version="2.0.13" provider-name="A Talented Community">
    <requires>
        <import addon="xbmc.python" version="2.20.0"/>
        <import addon="script.module.six" version="1.11.0"/>
        <import addon="script.module.requests" version="2.12.4"/>
    </requires>
    <extension point="xbmc.python.module" library="resources/lib"/>
    <extension point="xbmc.addon.metadata">
        <platform>all</platform>
        <news>
[fix] stream language
        </news>
        <assets>
            <icon>icon.png</icon>
        </assets>
        <platform>all</platform>
        <summary lang="en_GB">Module for interaction with the Twitch.tv API</summary>
        <description lang="en_GB">python-twitch for Kodi is module for interaction with the Twitch.tv API based on python-twitch by ingwinlu.</description>
        <license>GPL-3.0-only</license>
        <source>https://github.com/MrSprigster/script.module.python.twitch</source>
        <reuselanguageinvoker>true</reuselanguageinvoker>
    </extension>
</addon>
