<?xml version="1.0" encoding="UTF-8" standalone="yes"?>
<addon id="plugin.video.retrospect.channel.no"
       version="5.0.0.0"
       name="Retrospect Norwegian Channels"
       provider-name="Bas Rieter">

    <requires>
        <import addon="xbmc.python" version="2.25.0" />
        <!--import addon="plugin.video.retrospect" version="x.x.x" optional="false" /-->
    </requires>

    <extension point="xbmc.python.pluginsource"
               library="">
        <!--provides>video</provides-->
    </extension>

    <extension point="xbmc.addon.metadata">
        <summary lang="en_GB">Retrospect (a.k.a. XBMC Online TV) is an add-on that allows the playback of a lot of TV shows that are available (legally) via the broadcasters websites.</summary>
        <description lang="en_GB">Set of Norwegian channels for Retrospect</description>
        <disclaimer lang="en_GB">Retrospect is provided as is. We do not take any responsibility for possible (but highly unlikely) damage cause to your system. Nor do we take responsibility for the content that can be watched via this add-on.</disclaimer>
        <language>no</language>
    </extension>
</addon>