<?xml version="1.0" encoding="UTF-8"?>
<addon id="repository.nic" name="nic repo" version="0.2" provider-name="nic">
    <extension point="xbmc.addon.repository" name="nic repo">
    <dir>
        <info compressed="false">http://kodirepo.nire.se/kodi/addons.xml</info>
        <checksum>http://kodirepo.nire.se/kodi/addons.xml.md5</checksum>
        <datadir zip="true">http://kodirepo.nire.se/kodi/</datadir>
    </dir>
    </extension>
    <extension point="xbmc.addon.metadata">
        <summary></summary>
        <description></description>
        <platform>all</platform>
    </extension>
</addon>

